[
    {
        "id":1,
        "title": "18人死伤！韩国一男子纵火后持凶器伤害避险邻居(1)",
        "content": "展馆人潮如织，商品琳琅满目，来自200多个国家和地区不同肤色的采购商纷至沓来……5月5日闭幕的第125届广交会累计出口成交额达1995亿元。比成交额更值得关注的是，参展的我国外贸企业创新升级步伐提速，高技术、高品质、高附加值的参展产品，成为展会上倍受欢迎的“香饽饽”。",
        "addTime": "2019-6-18",
        "country": "韩国",
        "type": "逮捕",
        "imgUrl":"/img/img.png"
    },
    {
        "id":2,
        "title": "89岁袁隆平英语直播上热搜：我们都误会他了",
        "content": "前不久，在长沙举办的中非农业合作发展研讨会上，袁隆平献上一段英文致辞，一开口就把大家惊呆了！在这之前，在袁隆平爷爷的指导下，杂交水稻在非洲高产创纪录，当地原来每公顷3吨的产量，现在变成了10.8吨，可以说非常骄傲！",
        "addTime": "2019-6-18",
        "country": "中国",
        "type": "科技",
        "imgUrl":"/img/img.png"
    },
    {
        "id":3,
        "title": "为何特朗普突然要约金正恩板门店见?并非没有先兆",
        "content": "今天下午，美国总统特朗普将结束为期两天的韩国之行。离开韩国之前，在韩国总统文在寅的陪同下，特朗普前往距离朝韩军事分界线（即“三八线”）以南五公里处的板门店非军事区参观，并将与朝鲜最高领导人金正恩会面，一场历史性会面就这样在板门店 “突然”上演。",
        "addTime": "2019-6-18",
        "country": "美国",
        "type": "政治",
        "imgUrl":"/img/img.png"
    },
    {
        "id":4,
        "title": "滞留菲律宾多年的垃圾被运回到加拿大",
        "content": "中新社多伦多6月29日电 （记者 余瑞冬）一批在菲律宾滞留已5至6年、并一度引发菲律宾与加拿大之间外交纠纷的垃圾，于当地时间6月29日被运回到加拿大西海岸的大温哥华地区。",
        "addTime": "2019-6-18",
        "country": "国际",
        "type": "社会",
        "imgUrl":"/img/img.png"
    },
    {
        "id":5,
        "title": "收到韩国男团EXO专辑后 特朗普表情亮了",
        "content": "“推特邀请”、记者会“喊话”与金正恩在朝韩非军事区会面之后，美国总统特朗普30日正式在推特上宣布，今天他将前往朝韩非军事区。据韩联社30日最新消息，特朗普称，金正恩想进行会面，他今天晚些时候会和韩国总统文在寅一起去非军事区。文在寅则表示，他将共同前往，但美朝领导人之间的会谈将是重点。",
        "addTime": "2019-6-18",
        "country": "韩国",
        "type": "娱乐",
        "imgUrl":"/img/img.png"
    },
    {
        "id":6,
        "title": "中国工程院院士：5G之后还有6G 与政治因素无关",
        "content": "中新网哈尔滨6月30日电 （记者 孙自法）中国工程院院士邬贺铨、邓中翰29日指出，5G是移动通信技术发展的一种必然趋势，在5G之后还有6G，跟政治因素没有任何关系。",
        "addTime": "2019-6-18",
        "country": "中国",
        "type": "科技",
        "imgUrl":"/img/img.png"
    },
    {
        "id":7,
        "title": "韩国瑜批台选举抹黑:一夜之间“外面生了一堆娃”",
        "content": "[环球网报道 记者 付国豪]高雄市长韩国瑜29日参加2020台湾地区领导人选举国民党党内初选，并在论述时批评选举抹黑称，现在抹黑的情况什么都有可能发生，参选人都要做好心理准备，“可能一夜之间不知不觉，外面生了很多孩子”。据台湾“中时电子报”报道，国民党29日举办第二场政见发表会，韩国瑜在其中第一阶段政见发表时自嘲称，自己62岁有3个孩子，但现在女儿韩冰被人抹黑“不是亲生的”。而且他还谈及有人说他有私生子的事，称自己因为选举抹黑“外面还生了一堆孩子”。",
        "addTime": "2019-6-18",
        "country": "韩国",
        "keyWord": "政治",
        "type": "政治",
        "imgUrl":"/img/img.png"
    },
    {
        "id":8,
        "title": "让人抓狂的垃圾分类将扩展到46城 这些城市也在列",
        "content": "央视段子手朱广权引用了网友想出的一种办法，十分形象有趣：是干是湿，让猪试吃，一吃便知。猪可以吃的是厨余垃圾，猪吃了会死的是有害垃圾，连猪都不吃的是其他垃圾。而可回收垃圾，则可以卖了钱买猪。猪肯定想说，我为人类付出了太多。",
        "addTime": "2019-6-18",
        "country": "中国",
        "type": "社会",
        "imgUrl":"/img/img.png"
    },
    {
        "id":9,
        "title": "日本办G20峰会只花了263万元特节俭？当然不可能",
        "content": "在日本举行的G20大阪峰会已经闭幕。因为日方准备的部分会议室过于狭小，设施略显简单，本次峰会被国外和日本本国的网友笑话了一番。",
        "addTime": "2019-6-18",
        "country": "日本",
        "type": "政治",
        "imgUrl":"/img/img.png"
    },
    {
        "id":10,
        "title": "美参议院否决约束总统对伊动武提案",
        "content": "参考消息网6月30日报道 外媒称，美国已向海湾国家卡塔尔部署约12架空军F-22隐形战斗机，这是美中央司令部上月为应对所谓伊朗对驻该地区美军日益严重的威胁，要求实施增兵计划的一部",
        "addTime": "2019-6-18",
        "country": "美国",
        "type": "社会",
        "imgUrl":"/img/img.png"
    },
    {
        "id":11,
        "title": "日本官员：要创建“令和时代的自卫队”",
        "content": "日本《呼声》月刊6月号刊登日本自卫队原统合幕僚长折木良一的文章称，为了应对复杂问题和保障日本安全，日本必须制定明确的国家中长期战略，创建“令和时代的自卫队”。",
        "addTime": "2019-6-18",
        "country": "日本",
        "type": "逮捕",
        "imgUrl":"/img/img.png"
    },
    {
        "id":12,
        "title": "美联邦法官禁挪用资金建边境墙 特朗普提起上诉",
        "content": "中新网6月30日电 据“中央社”报道，当地时间28日，美国联邦法官做出判决，禁止特朗普政府挪用25亿美元反毒活动资金用来兴建美墨边界围墙，不满此判决的特朗普随即提起上诉，同时他还再次威胁恢复遣返无证移民的围捕行动。",
        "addTime": "2019-6-18",
        "country": "美国",
        "type": "社会",
        "imgUrl":"/img/img.png"
    },
    {
        "id":13,
        "title": "伊媒：伊朗浓缩铀库存将很快“破限”",
        "content": "28日，伊朗核问题全面协议联合委员会会议在奥地利维也纳举行，各方决定继续完整、有效执行伊核协议。不过，出席会议的伊朗副外长阿拉格齐在会后表示，“这是向前迈出的一步，但仍然不够，也没有达到伊朗的期望”。",
        "addTime": "2019-6-18",
        "country": "伊朗",
        "type": "政治",
        "imgUrl":"/img/img.png"
    }
]